Inventaris — Slaapsysteem 90×200,,,,,,,
,,,,,,,
,,,,,,,
Item,Specificatie,Merk / Model (standaard),Qty,Prijs/stuk (€),Totaal (€),Levensduur,Afschr/mnd (€)
Bedframe / lattenbodem,"Metaal, 90×200 cm",IKEA Neiden,1,59,59,10 jaar,0.49
Matras,"Medium-firm, koudschuim + pocket, 90×200",Emma Original,1,379,379,10 jaar,3.16
Matrasbeschermer,"Waterdicht, 90×200, ademend",Protect-A-Bed Basic,1,45,45,5 jaar,0.75
Laken (hoeslaken),"Percale katoen 200TC, wit",IKEA Dvala,2,18,36,4 jaar,0.75
Dekbed all-season,"200 g/m² + 100 g/m² combinatie, 140×200",IKEA Fjällbräcka,1,55,55,7 jaar,0.65
Dekbedovertrek,"Percale katoen, wit, 140×200",IKEA Dvala,2,22,44,5 jaar,0.73
Kussen,"Middenhard, ergonomisch, 60×70",Emma Comfort Pillow,1,49,49,3 jaar,1.36
Kussenslopen,"Percale katoen, wit, 60×70",IKEA Dvala,2,8,16,4 jaar,0.33
TOTAAL,,,,,683,,8.22
