Onderhoudsblad — Slaap,,,,,
,,,,,
Item,Taak,Frequentie,Duur (min),Materialen,Jaarkosten (€)
Hoeslakens + kussenslopen,"Was 60°, ophangen of droger",Wekelijks,15,Wasmiddel,20
Dekbedovertrek,"Was 40°, ophangen",2× / maand,15,Wasmiddel,8
Matrasbeschermer,Was 60°,1× / 2 maanden,10,Wasmiddel,6
Matras,Keren 180°,2× / jaar,10,-,0
Matras,Luchtend ophangen,1× / jaar,20,-,0
Bedframe,"Check schroeven, latten reinigen",1× / jaar,15,-,0
Kussen,Aireo + vlekcheck,1× / 3 maanden,5,Anti-allergeen spray,9
TOTAAL JAARKOSTEN,,,,,43
