Onderhoudsblad — Fiets,,,,,
,,,,,
Item,Taak,Frequentie,Duur (min),Materialen,Jaarkosten (€)
Ketting,Reinigen + smeren,Maandelijks,10,"Kettingontetter, smeermiddel",8
Banden,Luchtdruk controleren,Wekelijks,3,Fietspomp,0
Remmen,Spanning + slijtage controleren,Maandelijks,5,-,0
Verlichting,"Dynamo check, backup opladen",Maandelijks,3,-,0
Volledige fiets,Professionele jaarlijkse beurt,1× / jaar,0,Vakfietsenzaak,45
Ketting vervanging,Meten + vervangen,1× / jaar,15,Ketting + gereedschap,18
Slot + sleutel,Smeren slotkast,2× / jaar,3,Siliconenspray,2
Fietstassen,Reinigen + waterdichtheid controleren,Seizoensmatig,10,Water + doek,0
TOTAAL JAARKOSTEN,,,,,73
