Inventaris — Beweging & Sport,,,,,,,
,,,,,,,
,,,,,,,
Item,Specificatie,Merk / Model (standaard),Qty,Prijs/stuk (€),Totaal (€),Levensduur,Afschr/mnd (€)
Kettlebell,"24 kg, gegoten ijzer, vinyl coating",Decathlon 24 kg,1,55,55,20 jaar,0.23
Pull-up balk (deurframe),"Telescopisch, max. 100 kg",Iron Gym Total Upper Body,1,30,30,5 jaar,0.5
Yogamat,"6mm TPE, 183×61cm, anti-slip",Decathlon Kimjaly 6mm,1,20,20,4 jaar,0.42
Trainingshandschoenen,"Open vinger, anti-blaren",Decathlon,1,12,12,3 jaar,0.33
Functioneel t-shirt sport,Quick-dry polyester,Decathlon Kalenji,2,8,16,2 jaar,0.67
Trainingsshort,"Stretch, 2-in-1 met voering",Decathlon,2,12,24,3 jaar,0.67
Sportsokken set,"Low-cut, 3 paar",Decathlon,1,8,8,1 jaar,0.44
Foam roller,"Hard EVA, 33×15cm",Decathlon,1,15,15,10 jaar,0.12
TOTAAL,,,,,180,,3.38
