Trainingsritme — Wekelijks schema,,,,
,,,,
Dag,Type,Oefeningen / Activiteit,Duur (min),Locatie
Maandag,Kracht (kettlebell),Swings 5×20 / Goblet squat 4×12 / Push-ups 4×15,40,Thuis
Dinsdag,Actief herstel,Wandeling 30-45 min,40,Buiten
Woensdag,Kracht (pull/push),Pull-ups 5×max / KB clean&press 4×8 / Hollow body,40,Thuis
Donderdag,Rust of wandeling,Optioneel: wandeling 30 min,30,Buiten / Rust
Vrijdag,Kracht (hinge/core),Turkish get-up 3×3 / KB deadlift 4×12 / Dips,40,Thuis
Zaterdag,Duurzame activiteit,Fietstocht of wandeling 60+ min,60,Buiten
Zondag,Rust + mobiliteit,Stretching + foam rolling,20,Thuis
TOTAAL / WEEK,,,270,
