Onderhoudsblad — Kleding,,,,,
,,,,,
Item / Groep,Taak,Frequentie,Duur (min),Materialen,Jaarkosten (€)
"T-shirts, boxers, sokken","Was 30°, binnenstebuiten, ophangen",Wekelijks,10,Wascapsule,15
Merino pullover / lange mouw,"Was 30° delicaat in waszak, plat drogen",2× / maand,15,"Woolite, waszak",11
Broeken (technisch),"Was 30°, ophangen",2× / maand,10,Wascapsule,8
Sneakers,"Reinigen met doek, impregneren",Maandelijks,10,Impregneer spray,9
Waterdichte wandelschoen,Reinigen + DWR herlaaien,2× / jaar,20,Nikwax TX.Direct,14
Softshell jack,Was 40° + DWR herlaaien,2× / jaar,20,Nikwax TX.Direct,14
Volledige inventaris,"Seizoenscheck: slijtage, herstellen, vervangen",2× / jaar,30,Naald + draad,5
Riem,"Afnemen met vochtige doek, conditioneren",1× / jaar,5,Ledercondicioner,5
TOTAAL JAARKOSTEN,,,,,81
